,https://wiki.stardewvalley.net/Stardew_Valley
0,https://wiki.stardewvalley.net/Special:Statistics
1,https://wiki.stardewvalley.net/ConcernedApe
2,https://wiki.stardewvalley.net/Version_History
3,https://wiki.stardewvalley.net/Console_Version_History#PlayStation_4
4,https://wiki.stardewvalley.net/Console_Version_History#Xbox_One
5,https://wiki.stardewvalley.net/Console_Version_History#Switch
6,https://wiki.stardewvalley.net/Console_Version_History#PS_Vita
7,https://wiki.stardewvalley.net/Mobile_Version_History#iOS
8,https://wiki.stardewvalley.net/Mobile_Version_History#Android
9,https://wiki.stardewvalley.net/Getting_Started
10,https://wiki.stardewvalley.net/The_Player
11,https://wiki.stardewvalley.net/Controls
12,https://wiki.stardewvalley.net/Health
13,https://wiki.stardewvalley.net/Energy
14,https://wiki.stardewvalley.net/Skills
15,https://wiki.stardewvalley.net/Day_Cycle
16,https://wiki.stardewvalley.net/Inventory
17,https://wiki.stardewvalley.net/Farm_Maps
18,https://wiki.stardewvalley.net/Tools
19,https://wiki.stardewvalley.net/Weapons
20,https://wiki.stardewvalley.net/Fish
21,https://wiki.stardewvalley.net/Artifacts
22,https://wiki.stardewvalley.net/Minerals
23,https://wiki.stardewvalley.net/Cooking
24,https://wiki.stardewvalley.net/Crafting
25,https://wiki.stardewvalley.net/Foraging
26,https://wiki.stardewvalley.net/Trees
27,https://wiki.stardewvalley.net/Hats
28,https://wiki.stardewvalley.net/Footwear
29,https://wiki.stardewvalley.net/Rings
30,https://wiki.stardewvalley.net/Fertilizer
31,https://wiki.stardewvalley.net/Bait
32,https://wiki.stardewvalley.net/Tackle
33,https://wiki.stardewvalley.net/Furniture
34,https://wiki.stardewvalley.net/Wallpaper
35,https://wiki.stardewvalley.net/Flooring
36,https://wiki.stardewvalley.net/Villagers
37,https://wiki.stardewvalley.net/Friendship
38,https://wiki.stardewvalley.net/Marriage
39,https://wiki.stardewvalley.net/Children
40,https://wiki.stardewvalley.net/Quests
41,https://wiki.stardewvalley.net/Bundles
42,https://wiki.stardewvalley.net/Achievements
43,https://wiki.stardewvalley.net/Multiplayer
44,https://wiki.stardewvalley.net/Modding:Index
45,https://wiki.stardewvalley.net/Crops
46,https://wiki.stardewvalley.net/Shipping
47,https://wiki.stardewvalley.net/Animals
48,https://wiki.stardewvalley.net/Fruit_Trees
49,https://wiki.stardewvalley.net/Artisan_Goods
50,https://wiki.stardewvalley.net/Farmhouse
51,https://wiki.stardewvalley.net/The_Cave
52,https://wiki.stardewvalley.net/Greenhouse
53,https://wiki.stardewvalley.net/Cabin
54,https://wiki.stardewvalley.net/Pelican_Town
55,https://wiki.stardewvalley.net/Blacksmith
56,https://wiki.stardewvalley.net/Community_Center
57,https://wiki.stardewvalley.net/Harvey%27s_Clinic
58,https://wiki.stardewvalley.net/JojaMart
59,https://wiki.stardewvalley.net/Museum
60,https://wiki.stardewvalley.net/Pierre%27s_General_Store
61,https://wiki.stardewvalley.net/The_Stardrop_Saloon
62,https://wiki.stardewvalley.net/The_Sewers
63,https://wiki.stardewvalley.net/The_Beach
64,https://wiki.stardewvalley.net/Fish_Shop
65,https://wiki.stardewvalley.net/The_Desert
66,https://wiki.stardewvalley.net/Casino
67,https://wiki.stardewvalley.net/Oasis
68,https://wiki.stardewvalley.net/Skull_Cavern
69,https://wiki.stardewvalley.net/Cindersap_Forest
70,https://wiki.stardewvalley.net/Abandoned_House
71,https://wiki.stardewvalley.net/Marnie%27s_Ranch
72,https://wiki.stardewvalley.net/Secret_Woods
73,https://wiki.stardewvalley.net/Traveling_Cart
74,https://wiki.stardewvalley.net/Wizard%27s_Tower
75,https://wiki.stardewvalley.net/The_Mountain
76,https://wiki.stardewvalley.net/Adventurer%27s_Guild
77,https://wiki.stardewvalley.net/Carpenter%27s_Shop
78,https://wiki.stardewvalley.net/The_Mines
79,https://wiki.stardewvalley.net/Railroad
80,https://wiki.stardewvalley.net/Spa
81,https://wiki.stardewvalley.net/Quarry
82,https://wiki.stardewvalley.net/Mutant_Bug_Lair
83,https://wiki.stardewvalley.net/Witch%27s_Hut
84,https://wiki.stardewvalley.net/Weather
85,https://wiki.stardewvalley.net/Seasons
86,https://wiki.stardewvalley.net/Spring
87,https://wiki.stardewvalley.net/Summer
88,https://wiki.stardewvalley.net/Fall
89,https://wiki.stardewvalley.net/Winter
90,https://wiki.stardewvalley.net/Festivals
91,https://wiki.stardewvalley.net/Monsters
92,https://wiki.stardewvalley.net/mediawiki/index.php?title=Special:CreateAccount&returnto=Stardew+Valley+Wiki
93,https://wiki.stardewvalley.net/mediawiki/index.php?title=Special:UserLogin&returnto=Stardew+Valley+Wiki
94,https://wiki.stardewvalley.net/Stardew_Valley_Wiki
95,https://wiki.stardewvalley.net/Talk:Stardew_Valley_Wiki
96,https://wiki.stardewvalley.net/Stardew_Valley_Wiki
97,https://wiki.stardewvalley.net/mediawiki/index.php?title=Stardew_Valley_Wiki&action=edit
98,https://wiki.stardewvalley.net/mediawiki/index.php?title=Stardew_Valley_Wiki&action=history
99,https://wiki.stardewvalley.net/Stardew_Valley_Wiki
100,https://wiki.stardewvalley.net/Special:RecentChanges
101,https://wiki.stardewvalley.net/Stardew_Valley_Wiki:Admin_noticeboard
102,https://wiki.stardewvalley.net/Help:Editing
103,https://wiki.stardewvalley.net/Special:Random
104,https://wiki.stardewvalley.net/Special:WhatLinksHere/Stardew_Valley_Wiki
105,https://wiki.stardewvalley.net/Special:RecentChangesLinked/Stardew_Valley_Wiki
106,https://wiki.stardewvalley.net//stardewvalleywiki.com/Special:Upload
107,https://wiki.stardewvalley.net/Special:SpecialPages
108,https://wiki.stardewvalley.net/mediawiki/index.php?title=Stardew_Valley_Wiki&oldid=115945
109,https://wiki.stardewvalley.net/mediawiki/index.php?title=Stardew_Valley_Wiki&action=info
110,https://wiki.stardewvalley.net/mediawiki/index.php?title=Stardew_Valley_Wiki&action=pagevalues
111,https://wiki.stardewvalley.net/Stardew_Valley_Wiki:Privacy_policy
112,https://wiki.stardewvalley.net/Stardew_Valley_Wiki:About
113,https://wiki.stardewvalley.net/Stardew_Valley_Wiki:General_disclaimer
114,https://wiki.stardewvalley.net//stardewvalleywiki.com/mediawiki/index.php?title=Stardew_Valley_Wiki&mobileaction=toggle_view_mobile
